image,variant,ratio,rho,psnr_in_region,psnr_whole_unmarked,psnr_whole_marked
pepper,A,0.1,0.9694989106753813,31.610392422245894,33.634151211864875,31.166874106721856
pepper,A,0.2,0.8606271777003485,31.71238638633868,26.37204206034264,21.368513144770006
pepper,A,0.3,0.7515432098765432,30.396774309878435,21.662269103124586,16.912988435939265
pepper,A,0.4,0.6245614035087719,30.50385828825227,19.640777149677483,13.775703275349723
pepper,A,0.5,0.5229831144465291,30.302493998405794,16.45720392742948,12.244646832309696
pepper,A,0.6,0.4014913657770801,30.4153859817325,14.529571866187709,10.263222834514101
pepper,A,0.7,0.3473837209302325,30.370223220050853,14.198761943898248,9.406554511957259
pepper,C,0.1,0.9694989106753813,33.0059511357363,33.842786302427356,31.28676380811813
pepper,C,0.2,0.8606271777003485,33.17368215560335,26.436477313656415,21.387859319477553
pepper,C,0.3,0.7515432098765432,32.1753188485804,21.71071621174027,16.926730706235
pepper,C,0.4,0.6245614035087719,32.334943260432794,19.673670152513495,13.7822874172619
pepper,C,0.5,0.5229831144465291,32.16688013766641,16.47378259333269,12.248693883347812
pepper,C,0.6,0.4014913657770801,32.1925916943677,14.539189884812965,10.264720630043291
pepper,C,0.7,0.3473837209302325,32.25970066135763,14.207651603110614,9.407047659243533
pepper,D,0.1,1.0,28.969649200399346,38.47194462431536,38.47194462431536
pepper,D,0.2,1.0,28.861335945622276,35.60731784616999,35.60731784616999
pepper,D,0.3,1.0,27.169213866895113,32.13938769669425,32.13938769669425
pepper,D,0.4,1.0,27.539171204885513,31.389764708535402,31.389764708535402
pepper,D,0.5,1.0,27.230842612066752,30.070739006724484,30.070739006724484
pepper,D,0.6,1.0,27.221639979809765,29.213693124068513,29.213693124068513
pepper,D,0.7,0.059229651162790664,26.047206951017806,12.547430092999559,7.8232449664274375
baboon,A,0.1,0.961038961038961,24.274736643425495,31.415467119208763,26.821181631956648
baboon,A,0.2,0.856341189674523,24.6356707629273,24.285778454474205,19.96955229346609
baboon,A,0.3,0.7624223602484472,23.71621712419902,21.2740531903493,16.099735966961205
baboon,A,0.4,0.6342857142857143,23.89782641795868,18.5263684023285,12.90583633147898
baboon,A,0.5,0.5226223453370268,22.993069345624978,16.280528542901692,11.22267268552333
baboon,A,0.6,0.4194444444444444,23.365963127002694,14.385855176294625,9.420249427617303
baboon,A,0.7,0.2958839406207827,23.245384335371583,13.61890433939012,8.040325062398773
baboon,C,0.1,0.961038961038961,26.8858428031726,32.703481559473424,27.225569362960517
baboon,C,0.2,0.856341189674523,27.304680405835914,24.640085231679514,20.096631216437963
baboon,C,0.3,0.7624223602484472,26.455575980361555,21.56490938759149,16.185423148559675
baboon,C,0.4,0.6342857142857143,26.651767754835873,18.6900795382991,12.949755440764687
baboon,C,0.5,0.5226223453370268,25.578744908945687,16.398987223507945,11.258363094123869
baboon,C,0.6,0.4194444444444444,25.90986805109525,14.44902401519598,9.439718436559039
baboon,C,0.7,0.2958839406207827,25.882821398913176,13.664711429134487,8.052792106702656
baboon,D,0.1,1.0,22.26523835167591,31.669712335737565,31.669712335737565
baboon,D,0.2,1.0,21.917249775498302,28.62992958954853,28.62992958954853
baboon,D,0.3,1.0,21.243955435180894,26.250802285546207,26.250802285546207
baboon,D,0.4,1.0,21.58027689130924,25.232080120008042,25.232080120008042
baboon,D,0.5,1.0,20.767038490841074,23.470913244349937,23.470913244349937
baboon,D,0.6,1.0,21.044906138954588,23.14878873837198,23.14878873837198
baboon,D,0.7,0.01754385964912286,20.03268153064136,12.215477726770862,6.57790745205574
kodim04,A,0.1,0.9396284829721362,30.334477631768394,35.245749644329436,30.006977335541308
kodim04,A,0.2,0.8527131782945736,29.4204571682938,27.95018539883699,23.37249817326116
kodim04,A,0.3,0.7238729508196722,30.590980153397823,24.581247045554015,18.774353432666484
kodim04,A,0.4,0.6809895833333333,29.920049189734183,21.4629415836882,16.72416053603577
kodim04,A,0.5,0.5236443883984867,31.431694078610036,20.396097095620732,13.699440616932048
kodim04,A,0.6,0.4213362068965517,31.28823574284891,17.24966586299723,12.3876351449674
kodim04,A,0.7,0.3359375,31.342795258747532,15.862157275442254,11.294763173887253
kodim04,C,0.1,0.9396284829721362,32.60753263988755,35.821815910191845,30.16946972970617
kodim04,C,0.2,0.8527131782945736,32.09692059362916,28.223205494907496,23.46459556824042
kodim04,C,0.3,0.7238729508196722,32.99470110221112,24.688729224945213,18.801103118296187
kodim04,C,0.4,0.6809895833333333,32.64064947823901,21.53314472594979,16.747737800789352
kodim04,C,0.5,0.5236443883984867,33.66781478184864,20.431607284935215,13.704947488224988
kodim04,C,0.6,0.4213362068965517,33.76450463619509,17.267656868733642,12.392359333203025
kodim04,C,0.7,0.3359375,33.838668356263454,15.87423572887673,11.297238248969823
kodim04,D,0.1,1.0,28.68490553726339,38.486540763269794,38.486540763269794
kodim04,D,0.2,1.0,27.306360866897084,33.9618664449843,33.9618664449843
kodim04,D,0.3,1.0,28.456467869907712,33.34365366018612,33.34365366018612
kodim04,D,0.4,1.0,27.398171480802826,31.64771100467138,31.64771100467138
kodim04,D,0.5,1.0,28.11951360894102,31.06285997264106,31.06285997264106
kodim04,D,0.6,1.0,28.531611456422784,30.677919708334187,30.677919708334187
kodim04,D,0.7,0.03598484848484851,28.677879627019955,14.19040823541941,9.677281240102515
